component,coef_LUNG1,coef_Radiogenomics,cv_stability
age,0.0340105677689989,1.9024835728549287e-08,0.9612342910469768
gender_male,0.0265610030484261,0.0748273219157092,0.8941682028545672
stage_I,2.2680338933006143e-08,-1.1772080288587063e-08,0.3077790180209448
stage_II,6.259967486211904e-09,-2.8764247376939835e-10,0.5131800306460513
stage_III,-2.7301514493095488e-08,0.1915789862244662,0.2803685044661536
hist_adeno,-9.213429525678736e-09,-1.4370297229369035e-08,0.9507839583353614
hist_squamous,9.7052851166322e-08,1.2116127713290518e-08,2.2360388611755684
hist_large_cell,-5.561546915436058e-08,-1.862003197668169e-07,0.2764944247218215
hist_nos,-2.320023979673338e-08,6.053023644586543e-08,0.4989713082011375
rad_pca_0,0.0188224811398205,-4.689948444843723e-10,0.2698501340190295
rad_pca_1,7.448308236418481e-09,-0.0034436326661603,0.1989472849157133
rad_pca_2,2.131580008543788e-08,7.915665267219845e-09,1.525924182643826
rad_pca_3,-3.447621903547623e-08,-5.938300045840872e-09,2.236011165257292
rad_pca_4,1.2654517299671616e-08,-1.1679567563170096e-08,0.2824752672767837
rad_pca_5,-1.6367210506963262e-08,-2.437845058684758e-09,0.2104121775015596
rad_pca_6,3.80841776010716e-09,0.0285736845883063,0.3597262331008415
rad_pca_7,2.781613845035664e-08,6.110970332615303e-09,0.2963985806847978
rad_pca_8,-1.4601203894154257e-08,6.5219532924983805e-09,0.40690158347389
rad_pca_9,-4.136305336976528e-09,-4.370215583319306e-09,1.0625360260700878
rad_pca_10,-4.131490124402665e-09,1.2410652648887436e-08,0.5390435840098755
rad_pca_11,-9.421845112146845e-08,3.4680856623771055e-08,2.18197704040611
rad_pca_12,-6.130131743581461e-08,-1.7871902639671028e-08,2.2358012243340557
rad_pca_13,2.017921342335144e-08,4.7676456515714464e-08,0.5811618341999552
rad_pca_14,-6.863063642530304e-08,-2.4660490325910612e-08,0.3039027329915984
rad_pca_15,6.443792050812172e-08,1.0922355457905185e-08,0.3112287291454586
rad_pca_16,-5.1593976077554017e-08,1.7067219780075757e-08,2.236063270810458
rad_pca_17,0.0235745376849469,-2.2971928046585124e-08,1.3310750290130413
rad_pca_18,-2.6321683901091312e-08,3.5467920538933995e-08,0.7332292235291372
rad_pca_19,2.1114539776781004e-08,0.0764299326103429,1.6452582980424642
rad_pca_20,2.3132079195851762e-08,2.0018991757593308e-08,2.499384650526993
rad_pca_21,-1.7221079415102526e-08,1.0247981958813118e-08,1.3567314867221871
rad_pca_22,6.251139318189755e-10,9.440080101675949e-08,3.001570081723147
rad_pca_23,-7.647187036750633e-08,-1.570429806529664e-08,0.7055676144451408
rad_pca_24,-6.685372327588903e-08,-1.294941050095409e-08,0.3099939324574787
rad_pca_25,8.61500158420954e-08,-1.9482388205009422e-09,0.6809977380210367
rad_pca_26,-4.470158377238169e-08,2.0156820245831697e-08,3.402750184622287
rad_pca_27,5.1454512143540865e-09,3.07524402616764e-08,3.126365061480064
rad_pca_28,-5.68569954297922e-08,2.7314029963769063e-09,1.1034105052196272
rad_pca_29,4.37950570275068e-08,3.4566304796624936e-08,1.0558383978723522
emb_pca_0,-3.536125369177507e-09,-1.0725545829257183e-09,0.1748415167367698
emb_pca_1,5.9101178778889725e-09,4.622955755922605e-09,0.0710113307391413
emb_pca_2,3.4327091253036435e-09,-3.6125028085819324e-10,0.1260390677190096
emb_pca_3,-3.107409939388466e-09,-1.499688569465313e-09,0.2346165567793744
emb_pca_4,-0.0002559317163728,-9.151301132900367e-10,0.9363867502708476
emb_pca_5,-8.479429197057404e-10,2.626773246141718e-09,0.0533731612008317
emb_pca_6,-0.0016762737140914,-4.7750035028271354e-09,1.7088804478669437
emb_pca_7,4.521152345178366e-09,5.024456944778926e-09,0.1823841633875804
emb_pca_8,0.0036123625512969,-9.350514399254936e-10,1.2461021952965088
emb_pca_9,-5.058315510462054e-09,6.625270853233141e-10,0.1974100221333649
emb_pca_10,1.3983518545200634e-08,-9.072744484032436e-09,2.2359947856916134
emb_pca_11,7.013597852190803e-09,-7.600282583281638e-10,0.2086889451297242
emb_pca_12,4.1739943873058495e-09,4.428704270621755e-09,0.1682705663858333
emb_pca_13,1.1023559187938608e-08,-4.575058450389271e-09,0.2197805027346116
emb_pca_14,0.0100369186413717,6.7783539539300905e-09,0.264703374828782
emb_pca_15,-1.1132514306771632e-08,-0.0050690818983687,0.2279096263380068
emb_pca_16,-1.2195744546578411e-08,-8.314731616833964e-10,0.2365751462889454
emb_pca_17,-6.024220349742652e-09,-3.526022807411505e-09,0.2370188309841027
emb_pca_18,4.515013826708599e-09,5.2310765548606095e-09,0.2747864064795385
emb_pca_19,-5.655457757447567e-09,-5.9793071426040305e-09,0.2998917489889261
emb_pca_20,-6.142760673352187e-10,-5.952285785883712e-09,0.2662692248981397
emb_pca_21,1.3375630996681282e-08,5.497868485637902e-09,0.2643397784436122
emb_pca_22,2.821858743279674e-10,-6.498288636919756e-10,0.4183348141035564
emb_pca_23,-1.022507522064192e-08,-3.751289122794724e-09,0.2043854140489123
emb_pca_24,2.8734894169262496e-08,2.767248602017767e-09,2.0723211386692446
emb_pca_25,-5.319973532157518e-09,4.067734969744461e-09,0.3691522023351249
emb_pca_26,1.1867608866164432e-08,-5.37213452831198e-09,0.180271145063368
emb_pca_27,5.041248990084852e-09,3.879331431984247e-09,0.2800271056722316
emb_pca_28,-5.7955455713458806e-09,1.692374194351237e-09,0.2335574268367029
emb_pca_29,3.0365883949873153e-09,1.442007734475083e-09,0.3725786686003739
emb_pca_30,-4.3355085296239016e-09,-7.075155626856007e-09,0.3582941320245046
emb_pca_31,-0.0004484970544176,-6.1818817665988835e-09,1.4081815110374636
emb_pca_32,2.0251164970136583e-08,-7.742378445096462e-09,2.2360015680296903
emb_pca_33,8.232130001765121e-09,-3.6658831919723502e-09,0.301516175779082
emb_pca_34,-1.0727235303550166e-08,-5.774680560092671e-09,0.2390214875461455
emb_pca_35,-6.89182438015329e-09,-1.809224591660055e-10,0.3859263044850137
emb_pca_36,-8.25285597530859e-09,-2.6801281296251342e-09,0.263690033057496
emb_pca_37,-6.41229643421544e-08,-1.0587054787467588e-08,1.5047319555114602
emb_pca_38,1.7658383925529004e-08,-1.974743068034908e-09,0.2128079453361857
emb_pca_39,-7.73184921520143e-09,2.425335209256368e-09,0.3849653939563149
emb_pca_40,-4.1385796087377585e-09,-1.2645125162530717e-08,0.1986882290457862
emb_pca_41,2.798148783816739e-08,8.404665300111961e-09,2.236026166206293
emb_pca_42,1.2219866189821951e-08,-3.1750969469634433e-09,0.2253204191303025
emb_pca_43,-1.4207773579497148e-08,-7.648226028622917e-09,0.1762841923349012
emb_pca_44,1.0116315240820631e-08,-8.41881958902359e-09,0.2651387064403228
emb_pca_45,6.2183862482377725e-09,2.956767936513181e-10,0.7459869225222227
emb_pca_46,-2.694879094915316e-08,4.770815215206533e-09,0.5711764652892978
emb_pca_47,-1.0426963198546349e-08,3.9635838736182395e-09,0.4858471920331002
emb_pca_48,1.343837929542522e-08,2.0215875192114693e-08,0.4175820059319434
emb_pca_49,-4.7922938556975805e-09,8.390304126698567e-09,0.3282229974327555
