time,surv,lower,upper,strata
0.02737850787132101,0.9976303317535545,0.9930021423458333,1,LUNG1 (n=422)
0.049281314168377825,0.9952606635071091,0.9887295058171437,1,LUNG1 (n=422)
0.06570841889117043,0.9928909952606636,0.9849074616014462,1,LUNG1 (n=422)
0.06844626967830253,0.990521327014218,0.9813195345482051,0.9998094043055162,LUNG1 (n=422)
0.09034907597535935,0.9881516587677726,0.977881768765388,0.9985294049998465,LUNG1 (n=422)
0.10677618069815195,0.9857819905213271,0.9745510548672683,0.9971423538898556,LUNG1 (n=422)
0.13689253935660506,0.9834123222748816,0.9713017539270544,0.9956738899029164,LUNG1 (n=422)
0.13963039014373715,0.9810426540284362,0.9681171415420919,0.99414073744227,LUNG1 (n=422)
0.14236824093086928,0.9786729857819907,0.9649855877137921,0.992554526507098,LUNG1 (n=422)
0.15879534565366188,0.9763033175355451,0.9618986152105314,0.9909237343296214,LUNG1 (n=422)
0.16427104722792607,0.9739336492890996,0.9588498173056978,0.9892547676370573,LUNG1 (n=422)
0.17796030116358658,0.9715639810426542,0.9558342111449799,0.9875526092843266,LUNG1 (n=422)
0.19164955509924708,0.9691943127962087,0.9528478298202366,0.9858212261801864,LUNG1 (n=422)
0.1943874058863792,0.9668246445497632,0.9498874535189261,0.9840638381378005,LUNG1 (n=422)
0.1998631074606434,0.9620853080568723,0.9440345243815187,0.9804812388458952,LUNG1 (n=422)
0.2080766598220397,0.9597156398104267,0.9411378673642555,0.9786601317788166,LUNG1 (n=422)
0.2108145106091718,0.9573459715639813,0.9382588444726524,0.9768213906738151,LUNG1 (n=422)
0.2135523613963039,0.9549763033175358,0.9353960648881081,0.9749664063501453,LUNG1 (n=422)
0.216290212183436,0.9526066350710903,0.9325483174283471,0.9730963899907423,LUNG1 (n=422)
0.2245037645448323,0.9502369668246448,0.9297145395539843,0.9712124041356576,LUNG1 (n=422)
0.2327173169062286,0.9478672985781993,0.9268937929376285,0.9693153871129557,LUNG1 (n=422)
0.23819301848049282,0.9431279620853082,0.9212881480492633,0.9654855049971007,LUNG1 (n=422)
0.26283367556468173,0.9407582938388628,0.9185018367527723,0.9635540529298096,LUNG1 (n=422)
0.2683093771389459,0.9336492890995263,0.9102018605354963,0.9577007396174795,LUNG1 (n=422)
0.2737850787132101,0.9312796208530808,0.9074531943798593,0.9557316427862111,LUNG1 (n=422)
0.27652292950034224,0.9289099526066353,0.9047128012272591,0.9537542730479308,LUNG1 (n=422)
0.28473648186173856,0.9265402843601899,0.9019803007202799,0.9517690107607909,LUNG1 (n=422)
0.2929500342231348,0.9241706161137443,0.8992553426460166,0.9497762061384414,LUNG1 (n=422)
0.29842573579739906,0.9218009478672988,0.8965376036809761,0.9477761825051276,LUNG1 (n=422)
0.30937713894592744,0.9194312796208534,0.8938267845754605,0.9457692391113075,LUNG1 (n=422)
0.32306639288158795,0.9170616113744079,0.8911226077069428,0.9437556535802758,LUNG1 (n=422)
0.32854209445585214,0.9123222748815168,0.8857331657801951,0.9397095710103947,LUNG1 (n=422)
0.35044490075290896,0.9075829383886258,0.8803674146316505,0.9356397980708709,LUNG1 (n=422)
0.35592060232717315,0.9052132701421803,0.877692905864076,0.9335965449496274,LUNG1 (n=422)
0.3586584531143053,0.9004739336492894,0.8723596975240188,0.9294942298265672,LUNG1 (n=422)
0.3613963039014374,0.8957345971563984,0.8670464607470758,0.9253719435652991,LUNG1 (n=422)
0.3668720054757016,0.8909952606635073,0.8617519958480891,0.921230885857764,LUNG1 (n=422)
0.3723477070499658,0.8886255924170618,0.8591114634113964,0.9191536571552388,LUNG1 (n=422)
0.3750855578370979,0.8862559241706163,0.8564752309061286,0.9170721286318202,LUNG1 (n=422)
0.3805612594113621,0.8838862559241708,0.85384318130436,0.914986417316324,LUNG1 (n=422)
0.38329911019849416,0.8815165876777253,0.8512152034585604,0.9128966343571786,LUNG1 (n=422)
0.3860369609856263,0.8791469194312799,0.8485911916958097,0.9108028854282131,LUNG1 (n=422)
0.3915126625598905,0.8767772511848343,0.8459710454474793,0.9087052710989739,LUNG1 (n=422)
0.4134154688569473,0.8744075829383888,0.8433546689106642,0.9066038871732949,LUNG1 (n=422)
0.4216290212183436,0.8720379146919434,0.8407419707380908,0.9044988249993882,LUNG1 (n=422)
0.4243668720054757,0.8696682464454979,0.8381328637536247,0.9023901717543364,LUNG1 (n=422)
0.4353182751540041,0.8672985781990523,0.8355272646908386,0.9002780107055259,LUNG1 (n=422)
0.4407939767282683,0.8649289099526069,0.8329250939523908,0.8981624214512686,LUNG1 (n=422)
0.4490075290896646,0.8625592417061614,0.8303262753882225,0.8960434801426029,LUNG1 (n=422)
0.4544832306639288,0.8554502369668249,0.8225492187570876,0.8896672578844281,LUNG1 (n=422)
0.4654346338124572,0.8530805687203794,0.819963109483874,0.8875356077743135,LUNG1 (n=422)
0.4736481861738535,0.8483412322274885,0.8147998811057333,0.8832633177616568,LUNG1 (n=422)
0.48459958932238195,0.845971563981043,0.8122226457533126,0.8811227941087152,LUNG1 (n=422)
0.49007529089664614,0.8436018957345975,0.8096482558297542,0.8789794251550259,LUNG1 (n=422)
0.49828884325804246,0.8388625592417065,0.8045078032495876,0.8746843603693861,LUNG1 (n=422)
0.5010266940451745,0.8341232227488156,0.7993781242827415,0.8703785224960423,LUNG1 (n=422)
0.5256673511293635,0.8293838862559245,0.7942588481051102,0.8660622823681132,LUNG1 (n=422)
0.5284052019164955,0.8270142180094789,0.7917030022385539,0.8639003702852489,LUNG1 (n=422)
0.5311430527036276,0.8246445497630335,0.7891496294640731,0.8617359852474413,LUNG1 (n=422)
0.5338809034907598,0.822274881516588,0.7865986902329124,0.8595691668046315,LUNG1 (n=422)
0.5366187542778919,0.8199052132701424,0.7840501463144691,0.8573999531886216,LUNG1 (n=422)
0.5393566050650239,0.817535545023697,0.781503960736907,0.8552283813724623,LUNG1 (n=422)
0.5503080082135524,0.8151658767772515,0.7789600977312081,0.8530544871263988,LUNG1 (n=422)
0.5557837097878165,0.812796208530806,0.7764185226784251,0.8508783050706206,LUNG1 (n=422)
0.5694729637234771,0.8080568720379151,0.7713421034103136,0.8465192105562545,LUNG1 (n=422)
0.5722108145106092,0.8056872037914696,0.7688071952731844,0.844336362022025,LUNG1 (n=422)
0.5749486652977412,0.8033175355450242,0.7662744471589671,0.8421513536132007,LUNG1 (n=422)
0.5776865160848734,0.8009478672985786,0.7637438295052694,0.8399642148934904,LUNG1 (n=422)
0.5831622176591376,0.7985781990521331,0.7612153136392361,0.8377749745370826,LUNG1 (n=422)
0.5941136208076659,0.7962085308056877,0.7586888717418958,0.8355836603642967,LUNG1 (n=422)
0.6023271731690623,0.7890995260663511,0.7511217237827893,0.8289975410406412,LUNG1 (n=422)
0.6105407255304586,0.7867298578199056,0.7486033155008135,0.8267981938755602,LUNG1 (n=422)
0.6351813826146475,0.7819905213270146,0.7435723152610415,0.8223936837005789,LUNG1 (n=422)
0.6652977412731006,0.7796208530805692,0.7410596772565976,0.8201885667402411,LUNG1 (n=422)
0.6680355920602327,0.7772511848341237,0.7385489176913189,0.8179815715044412,LUNG1 (n=422)
0.6707734428473648,0.7748815165876782,0.7360400150974561,0.8157727194624307,LUNG1 (n=422)
0.6735112936344969,0.7725118483412328,0.7335329485897455,0.8135620315009944,LUNG1 (n=422)
0.6817248459958932,0.7654028436018963,0.7260225650445764,0.8069191526545726,LUNG1 (n=422)
0.6981519507186859,0.7630331753554507,0.7235226449810899,0.8047013189314054,LUNG1 (n=422)
0.7008898015058179,0.7582938388625596,0.7185280062013789,0.8002604506632995,LUNG1 (n=422)
0.70362765229295,0.7535545023696687,0.7135401862276898,0.7958127643008471,LUNG1 (n=422)
0.7063655030800822,0.7511848341232232,0.711048791331153,0.7935864063004023,LUNG1 (n=422)
0.7145790554414785,0.7464454976303323,0.706070951470367,0.7891287409180132,LUNG1 (n=422)
0.7255304585900069,0.7440758293838868,0.7035844756038897,0.7868974644418067,LUNG1 (n=422)
0.731006160164271,0.7417061611374414,0.7010996091481739,0.7846645787431515,LUNG1 (n=422)
0.7419575633127995,0.7393364928909958,0.698616337589093,0.7824300983379857,LUNG1 (n=422)
0.7611225188227242,0.7369668246445503,0.6961346467670209,0.7801940373877705,LUNG1 (n=422)
0.7665982203969883,0.7322274881516593,0.6911759524049315,0.7757172287886198,LUNG1 (n=422)
0.7775496235455168,0.7298578199052138,0.6886989222251793,0.773476507783209,LUNG1 (n=422)
0.785763175906913,0.7274881516587683,0.6862234194838779,0.7712342595388862,LUNG1 (n=422)
0.7885010266940452,0.7251184834123229,0.6837494316436182,0.7689904965950178,LUNG1 (n=422)
0.7967145790554415,0.7227488151658774,0.681276946464079,0.7667452311939076,LUNG1 (n=422)
0.7994524298425736,0.720379146919432,0.6788059519937252,0.7644984752890993,LUNG1 (n=422)
0.8158795345653662,0.7180094786729865,0.6763364365618255,0.76225024055336,LUNG1 (n=422)
0.8213552361396304,0.7156398104265409,0.6738683887707724,0.7600005383863592,LUNG1 (n=422)
0.8240930869267625,0.7109004739336499,0.6689366518423391,0.7554967760358274,LUNG1 (n=422)
0.8295687885010267,0.7014218009478679,0.6590903168245225,0.7464721151045821,LUNG1 (n=422)
0.8432580424366872,0.6990521327014224,0.6566322448444057,0.7442124386538499,LUNG1 (n=422)
0.8514715947980835,0.696682464454977,0.6541755583252672,0.7419513769692504,LUNG1 (n=422)
0.8542094455852156,0.6943127962085315,0.651720248025931,0.7396889392942858,LUNG1 (n=422)
0.8569472963723477,0.6919431279620859,0.6492663049155762,0.7374251346621349,LUNG1 (n=422)
0.865160848733744,0.6895653165257901,0.6468045068350408,0.7351530806147946,LUNG1 (n=422)
0.8678986995208761,0.6871875050894943,0.6443440770340592,0.7328796585277877,LUNG1 (n=422)
0.8788501026694046,0.6848096936531984,0.6418850068621391,0.7306048770541066,LUNG1 (n=422)
0.8898015058179329,0.6824318822169027,0.6394272878658134,0.7283287446497536,LUNG1 (n=422)
0.892539356605065,0.6800540707806069,0.6369709117840294,0.7260512695783514,LUNG1 (n=422)
0.9034907597535934,0.677676259344311,0.6345158705436987,0.7237724599155947,LUNG1 (n=422)
0.9144421629021219,0.6752984479080152,0.6320621562553999,0.7214923235535482,LUNG1 (n=422)
0.919917864476386,0.6729122343111671,0.6296002958482455,0.7192037203152608,LUNG1 (n=422)
0.9226557152635181,0.670526020714319,0.627139765684423,0.7169137870954604,LUNG1 (n=422)
0.9308692676249144,0.6657535935206228,0.6222226659905353,0.7123299608188247,LUNG1 (n=422)
0.9363449691991786,0.6609811663269266,0.6173107986923789,0.7077409032279383,LUNG1 (n=422)
0.9418206707734429,0.6585949527300785,0.6148568096456332,0.7054444302430681,LUNG1 (n=422)
0.947296372347707,0.6562087391332304,0.6124041079646817,0.7031466701716801,LUNG1 (n=422)
0.9555099247091033,0.6538225255363823,0.6099526870681831,0.7008476295981746,LUNG1 (n=422)
0.9664613278576317,0.6514363119395342,0.6075025405273397,0.6985473149544533,LUNG1 (n=422)
0.9774127310061602,0.6490500983426861,0.605053662062822,0.6962457325229955,LUNG1 (n=422)
0.9883641341546886,0.646663884745838,0.6026060455417952,0.6939428884398323,LUNG1 (n=422)
1.002053388090349,0.6442776711489899,0.6001596849750435,0.6916387886974229,LUNG1 (n=422)
1.0047912388774811,0.6418914575521418,0.5977145745141901,0.6893334391474362,LUNG1 (n=422)
1.0102669404517455,0.6395052439552937,0.5952707084490079,0.68702684550344,LUNG1 (n=422)
1.0130047912388775,0.6371190303584456,0.5928280812048193,0.684719013343503,LUNG1 (n=422)
1.0157426420260096,0.6347328167615975,0.5903866873399812,0.6824099481127107,LUNG1 (n=422)
1.0239561943874058,0.6323466031647494,0.5879465215434524,0.6800996551255983,LUNG1 (n=422)
1.0266940451745379,0.6299603895679013,0.5855075786324403,0.6777881395685054,LUNG1 (n=422)
1.0321697467488022,0.6275741759710532,0.5830698535501262,0.6754754065018516,LUNG1 (n=422)
1.0376454483230664,0.6251879623742052,0.5806333413634635,0.6731614608623396,LUNG1 (n=422)
1.0431211498973305,0.6228017487773571,0.5781980372610489,0.6708463074650847,LUNG1 (n=422)
1.054072553045859,0.620415535180509,0.5757639365510643,0.6685299510056746,LUNG1 (n=422)
1.0704996577686516,0.6180293215836609,0.573331034659284,0.6662123960621621,LUNG1 (n=422)
1.0732375085557837,0.6156431079868128,0.5708993271271501,0.6638936470969921,LUNG1 (n=422)
1.108829568788501,0.6132568943899647,0.5684688096099099,0.6615737084588644,LUNG1 (n=422)
1.1197809719370295,0.6084844671962685,0.5636113277993818,0.6569302790005649,LUNG1 (n=422)
1.1279945242984257,0.6060982535994204,0.5611843553697058,0.654606796324989,LUNG1 (n=422)
1.136208076659822,0.6037120400025723,0.5587585566788377,0.6522821402689604,LUNG1 (n=422)
1.1416837782340863,0.6013258264057242,0.5563339279252097,0.6499563146383146,LUNG1 (n=422)
1.158110882956879,0.5989396128088761,0.5539104654111178,0.6476293231350929,LUNG1 (n=422)
1.1663244353182751,0.596553399212028,0.5514881655412525,0.6453011693590096,LUNG1 (n=422)
1.1854893908281998,0.5941671856151799,0.5490670248212837,0.6429718568088719,LUNG1 (n=422)
1.2019164955509924,0.5917809720183318,0.5466470398564905,0.6406413888839492,LUNG1 (n=422)
1.2101300479123889,0.5893947584214837,0.5442282073504414,0.6383097688852958,LUNG1 (n=422)
1.215605749486653,0.5870085448246356,0.5418105241037188,0.6359770000170272,LUNG1 (n=422)
1.2210814510609171,0.5822361176309393,0.5369785930683164,0.6313080280107558,LUNG1 (n=422)
1.2265571526351813,0.5798499040340912,0.5345643393550216,0.6289718308071542,LUNG1 (n=422)
1.242984257357974,0.5774636904372431,0.5321512230495773,0.6266344966049872,LUNG1 (n=422)
1.2484599589322383,0.5726912632435469,0.5273283918247771,0.6219564280628959,LUNG1 (n=422)
1.2511978097193703,0.5679188360498507,0.5225100786158479,0.6172738432043609,LUNG1 (n=422)
1.267624914442163,0.5655326224530026,0.5201026101615736,0.6149308632756407,LUNG1 (n=422)
1.270362765229295,0.5631464088561545,0.5176962640585392,0.6125867614368622,LUNG1 (n=422)
1.273100616016427,0.5607601952593064,0.5152910381024527,0.6102415398979528,LUNG1 (n=422)
1.2813141683778233,0.5583739816624583,0.512886930173953,0.6078952007840055,LUNG1 (n=422)
1.3032169746748803,0.5559877680656102,0.5104839382378428,0.6055477461360471,LUNG1 (n=422)
1.3114305270362765,0.5536015544687621,0.5080820603423561,0.6031991779117744,LUNG1 (n=422)
1.3278576317590691,0.551215340871914,0.5056812946184579,0.6008494979862559,LUNG1 (n=422)
1.3442847364818618,0.5488291272750659,0.5032816392791756,0.5984987081526023,LUNG1 (n=422)
1.3470225872689938,0.5440567000813697,0.4984856530130949,0.5937938055273455,LUNG1 (n=422)
1.3497604380561259,0.5416704864845217,0.49608931891709274,0.5914396959177688,LUNG1 (n=422)
1.3634496919917864,0.5392842728876736,0.49369408886617944,0.5890844827652338,LUNG1 (n=422)
1.374401095140315,0.5368980592908255,0.4912999614747648,0.58672816746203,LUNG1 (n=422)
1.3908281998631074,0.5321256320971293,0.4865150095211193,0.5820122355803241,LUNG1 (n=422)
1.4017796030116358,0.5297394185002812,0.48412418257941503,0.5796526213953027,LUNG1 (n=422)
1.4099931553730323,0.5225807777097369,0.47695828524385797,0.5725671986012117,LUNG1 (n=422)
1.429158110882957,0.5201945641128888,0.47457184422930093,0.5702032006809283,LUNG1 (n=422)
1.434633812457221,0.5178083505160407,0.47218649758793224,0.5678381089544212,LUNG1 (n=422)
1.4428473648186173,0.5154221369191926,0.46980224462837583,0.5654719241209457,LUNG1 (n=422)
1.4483230663928817,0.5130359233223445,0.46741908473484317,0.563104646804316,LUNG1 (n=422)
1.4757015742642026,0.5106497097254964,0.4650370173669224,0.5607362775531202,LUNG1 (n=422)
1.486652977412731,0.5058772825318002,0.4602761584220655,0.555996265066356,LUNG1 (n=422)
1.4893908281998631,0.5034910689349521,0.45789736613965065,0.5536246225534013,LUNG1 (n=422)
1.4976043805612593,0.501104855338104,0.45551966497164953,0.5512518895513554,LUNG1 (n=422)
1.5030800821355237,0.4987186417412559,0.453143054752272,0.5488780662349898,LUNG1 (n=422)
1.5195071868583163,0.49633242814440776,0.45076753539038117,0.5465031527045957,LUNG1 (n=422)
1.5277207392197125,0.49394621454755966,0.448393106869462,0.5441271489860193,LUNG1 (n=422)
1.568788501026694,0.4915600009507115,0.44601976924761605,0.5417500550306718,LUNG1 (n=422)
1.5742642026009583,0.4891737873538634,0.44364752265758217,0.5393718707155124,LUNG1 (n=422)
1.596167008898015,0.48440136016016716,0.4389063034773907,0.5346122301410675,LUNG1 (n=422)
1.6071184120465434,0.48201514656331906,0.43653733152643576,0.5322307732629461,LUNG1 (n=422)
1.6290212183436004,0.47962893296647097,0.43416945188591816,0.5298482247871312,LUNG1 (n=422)
1.6344969199178645,0.47724271936962287,0.4318026650629614,0.5274645842171973,LUNG1 (n=422)
1.6454483230663928,0.4748565057727748,0.42943697163998606,0.5250798509816369,LUNG1 (n=422)
1.6673511293634498,0.4724702921759266,0.42707237227491046,0.5226940244336653,LUNG1 (n=422)
1.6837782340862424,0.47008407857907847,0.4247088677013775,0.520307103851,LUNG1 (n=422)
1.6892539356605065,0.46769786498223037,0.4223464587290076,0.5179190884356123,LUNG1 (n=422)
1.6919917864476386,0.4653116513853823,0.4199851462436789,0.5155299773134543,LUNG1 (n=422)
1.7111567419575633,0.4629254377885342,0.4176249312078334,0.5131397695341575,LUNG1 (n=422)
1.730321697467488,0.458153010594838,0.41290779771921315,0.5083560598190819,LUNG1 (n=422)
1.7385352498288844,0.45576679699798983,0.41055088157728536,0.5059625555978824,LUNG1 (n=422)
1.7467488021902806,0.45338058340114173,0.40819506750734097,0.5035679501479104,LUNG1 (n=422)
1.7494866529774127,0.45099436980429364,0.40584035686020237,0.5011722421317372,LUNG1 (n=422)
1.757700205338809,0.4486081562074455,0.4034867510656758,0.49877543013323467,LUNG1 (n=422)
1.7686516084873374,0.44622194261059733,0.40113425163305433,0.49637751265708113,LUNG1 (n=422)
1.7741273100616017,0.44383572901374924,0.3987828601516505,0.49397848812823647,LUNG1 (n=422)
1.8069815195071868,0.44144951541690114,0.3964325782913578,0.4915783548913875,LUNG1 (n=422)
1.8151950718685832,0.43906330182005304,0.3940834078032444,0.48917711121036417,LUNG1 (n=422)
1.8234086242299794,0.4366770882232049,0.39173535052017644,0.4867747552675242,LUNG1 (n=422)
1.834360027378508,0.4342908746263568,0.38938840835747307,0.48437128516310707,LUNG1 (n=422)
1.839835728952772,0.4319046610295087,0.3870425833135936,0.48196669891455624,LUNG1 (n=422)
1.842573579739904,0.4295184474326606,0.3846978774708574,0.4795609944558087,LUNG1 (n=422)
1.8754277891854894,0.4271322338358125,0.38235429299619667,0.47715416963655227,LUNG1 (n=422)
1.8809034907597535,0.42474602023896435,0.3800118321419427,0.474746222221449,LUNG1 (n=422)
1.8863791923340179,0.42235980664211625,0.37767049724664814,0.4723371498893246,LUNG1 (n=422)
1.9137577002053388,0.41997359304526816,0.3753302907359427,0.4699269502323226,LUNG1 (n=422)
1.9247091033538672,0.41758737944842,0.3729912151234256,0.4675156207550232,LUNG1 (n=422)
1.9274469541409993,0.4152011658515719,0.37065327301159545,0.4651031588735261,LUNG1 (n=422)
1.9329226557152634,0.41281495225472375,0.3683164670928167,0.462689561914495,LUNG1 (n=422)
1.9548254620123204,0.4104287386578756,0.36598080015032486,0.4602748271141656,LUNG1 (n=422)
1.9575633127994525,0.4080425250610275,0.3636462750592716,0.4578589516173133,LUNG1 (n=422)
1.9712525667351128,0.40565631146417935,0.36131289478780954,0.45544193247618175,LUNG1 (n=422)
1.9931553730321698,0.40327009786733126,0.3589806623982187,0.4530237666493701,LUNG1 (n=422)
2.00684462696783,0.4008838842704831,0.356649581048075,0.4506044510006792,LUNG1 (n=422)
2.028747433264887,0.3961114570767869,0.35199088458023087,0.4457623572116435,LUNG1 (n=422)
2.0369609856262834,0.3937252434799388,0.34966327626529553,0.4433395723139112,LUNG1 (n=422)
2.0616016427104724,0.39133902988309066,0.34733683259798975,0.4409156240769061,LUNG1 (n=422)
2.0643394934976045,0.38895281628624256,0.3450115572314609,0.4384905088715802,LUNG1 (n=422)
2.0698151950718686,0.3841803890925463,0.3403645265311285,0.4336367625249626,LUNG1 (n=422)
2.187542778918549,0.3817941754956982,0.3380427790259732,0.4312081236062734,LUNG1 (n=422)
2.206707734428474,0.3794079618988501,0.3357222154820465,0.42877830216135154,LUNG1 (n=422)
2.2340862422997945,0.377021748302002,0.33340284008431925,0.42634729403249494,LUNG1 (n=422)
2.346338124572211,0.37463553470515387,0.33108465712905605,0.4239150949514032,LUNG1 (n=422)
2.351813826146475,0.3722493211083058,0.3287676710255919,0.42148170053742295,LUNG1 (n=422)
2.3682409308692676,0.3698631075114577,0.32645188629817035,0.41904710629573355,LUNG1 (n=422)
2.414784394250513,0.3674768939146096,0.3241373075878432,0.41661130761547016,LUNG1 (n=422)
2.425735797399042,0.3650906803177615,0.32182393965443656,0.4141742997677842,LUNG1 (n=422)
2.4531143052703626,0.3627044667209134,0.31951178737858266,0.4117360779038366,LUNG1 (n=422)
2.4804928131416837,0.3603182531240653,0.31720085576382073,0.40929663705272407,LUNG1 (n=422)
2.4832306639288158,0.35793203952721714,0.3148911499387699,0.40685597211933444,LUNG1 (n=422)
2.4941820670773445,0.355545825930369,0.3125826751593754,0.40441407788213013,LUNG1 (n=422)
2.507871321013005,0.3531596123335209,0.3102754368112306,0.40197094899085606,LUNG1 (n=422)
2.535249828884326,0.35077339873667274,0.30796944041197805,0.3995265799641698,LUNG1 (n=422)
2.54072553045859,0.34838718513982464,0.3056646916137926,0.39708096518719294,LUNG1 (n=422)
2.5626283367556466,0.34600097154297654,0.30336119620594754,0.3946340989089777,LUNG1 (n=422)
2.5708418891170433,0.34361475794612845,0.30105896011746913,0.39218597523988885,LUNG1 (n=422)
2.5845311430527036,0.34122854434928035,0.29875798941988135,0.38973658814889695,LUNG1 (n=422)
2.735112936344969,0.33884233075243225,0.2964582903300436,0.387285931460778,LUNG1 (n=422)
2.737850787132101,0.33645611715558416,0.2941598692130863,0.38483399885321995,LUNG1 (n=422)
2.7433264887063653,0.33406990355873606,0.29186273258544615,0.38238078385382845,LUNG1 (n=422)
2.751540041067762,0.33168368996188796,0.2895668871180067,0.3799262798370311,LUNG1 (n=422)
2.7734428473648185,0.32929747636503987,0.28727233963934645,0.37747048002087524,LUNG1 (n=422)
2.7871321013004793,0.3269112627681917,0.2849790971390989,0.37501337746371527,LUNG1 (n=422)
2.7926078028747434,0.3245250491713436,0.28268716677143074,0.372554965060786,LUNG1 (n=422)
2.8993839835728954,0.3221388355744955,0.28039655585863893,0.37009523554065654,LUNG1 (n=422)
2.921286789869952,0.3197526219776474,0.2781072718948753,0.3676341814615612,LUNG1 (n=422)
2.9295003422313486,0.3173664083807993,0.2758193225500007,0.3651717952076017,LUNG1 (n=422)
2.945927446954141,0.3125939811871031,0.27124745929899313,0.3602429948171156,LUNG1 (n=422)
3.0061601642710474,0.310207767590255,0.2689635616477549,0.35777656454205753,LUNG1 (n=422)
3.0937713894592744,0.3078215539934069,0.2666810311339058,0.355308769806496,LUNG1 (n=422)
3.1238877481177276,0.3054353403965588,0.2643998763686233,0.35283960206205567,LUNG1 (n=422)
3.167693360711841,0.3030491267997107,0.26212010616497455,0.35036905256045164,LUNG1 (n=422)
3.252566735112936,0.3006629132028626,0.2598417295428466,0.34789711234863785,LUNG1 (n=422)
3.2854209445585214,0.2982766996060145,0.2575647557340557,0.34542377226378007,LUNG1 (n=422)
3.3073237508555784,0.2958904860091664,0.2552891941876447,0.3429490229280451,LUNG1 (n=422)
3.381245722108145,0.2934848723017748,0.2529948123437994,0.3404550847190526,LUNG1 (n=422)
3.383983572895277,0.29107925859438316,0.25070190934411574,0.3379596709315786,LUNG1 (n=422)
3.3894592744695413,0.2886736448869916,0.24841049553418046,0.3354627713017651,LUNG1 (n=422)
3.4140999315537304,0.28626803117960004,0.24612058151050045,0.33296437531758466,LUNG1 (n=422)
3.457905544147844,0.2838624174722085,0.24383217812715086,0.33046447221230796,LUNG1 (n=422)
3.5181382614647503,0.28145680376481685,0.24154529650268106,0.327963050957721,LUNG1 (n=422)
3.5208761122518824,0.2790511900574253,0.2392599480272896,0.3254601002570794,LUNG1 (n=422)
3.5455167693360714,0.27664557635003373,0.23697614437027917,0.3229556085377886,LUNG1 (n=422)
3.6386036960985626,0.2742188607680159,0.23467193097071468,0.3204302418694137,LUNG1 (n=422)
3.7152635181382614,0.2717704780825872,0.23234676375803337,0.3178834581666702,LUNG1 (n=422)
3.7180013689253935,0.26932209539715846,0.23002329316372488,0.31533498225976586,LUNG1 (n=422)
3.7207392197125255,0.26687371271172977,0.22770153268417656,0.3127848007739484,LUNG1 (n=422)
3.728952772073922,0.2644253300263011,0.22538149616760833,0.3102328999871429,LUNG1 (n=422)
3.7453798767967146,0.26197694734087235,0.22306319782447198,0.30767926581976346,LUNG1 (n=422)
3.808350444900753,0.2595285646554436,0.22074665223829051,0.3051238838240983,LUNG1 (n=422)
4.005475701574264,0.2570330976876028,0.2183828426262913,0.3025238270203331,LUNG1 (n=422)
4.079397672826831,0.2545131653573322,0.21599542797046725,0.2998996411584489,LUNG1 (n=422)
4.128678986995209,0.2519932330270616,0.21361003075234677,0.29727344389108634,LUNG1 (n=422)
4.161533196440794,0.2494478468348691,0.21120009240159837,0.29462216414296133,LUNG1 (n=422)
4.175222450376454,0.24690246064267654,0.20879229098863092,0.2919687541276505,LUNG1 (n=422)
4.191649555099247,0.24435707445048402,0.2063866455622903,0.28931319500504205,LUNG1 (n=422)
4.224503764544832,0.2417848947194263,0.20395520191624722,0.28663125414418317,LUNG1 (n=422)
4.328542094455853,0.23918505714179805,0.20149713362069827,0.28392211110862425,LUNG1 (n=422)
4.342231348391513,0.2365852195641698,0.19904147679670475,0.28121056483817797,LUNG1 (n=422)
4.353182751540041,0.2339853819865416,0.19658825412618208,0.27849659292587486,LUNG1 (n=422)
4.37782340862423,0.23135633275073775,0.19410695327614774,0.27575391710837505,LUNG1 (n=422)
4.427104722792608,0.2287272835149339,0.19162824716976715,0.27300865606610203,LUNG1 (n=422)
4.457221081451061,0.22609823427913006,0.18915216148625694,0.27026078445238705,LUNG1 (n=422)
4.473648186173854,0.22343825505231676,0.186646394180669,0.26748255191310233,LUNG1 (n=422)
4.479123887748118,0.22077827582550347,0.1841434288678797,0.2647015284561391,LUNG1 (n=422)
4.5366187542778915,0.21811829659869017,0.1816432947825856,0.2619176852526203,LUNG1 (n=422)
4.547570157426421,0.21545831737187687,0.17914602217483408,0.25913099247839,LUNG1 (n=422)
4.572210814510609,0.21279833814506358,0.1766516423498777,0.25634141927541587,LUNG1 (n=422)
4.577686516084873,0.21013835891825028,0.1741601877102815,0.2535489337110338,LUNG1 (n=422)
4.616016427104722,0.20747837969143698,0.17167169180043693,0.2507535027348903,LUNG1 (n=422)
4.717316906228611,0.20481840046462368,0.16918618935364738,0.2479550921334264,LUNG1 (n=422)
4.739219712525667,0.2021584212378104,0.16670371634196468,0.24515366648173628,LUNG1 (n=422)
4.758384668035592,0.1994984420109971,0.16422431002897028,0.24234918909261516,LUNG1 (n=422)
4.933607118412047,0.1968384627841838,0.1617480090257125,0.2395416219626004,LUNG1 (n=422)
5.040383299110198,0.1941420454857703,0.1592370286375628,0.23669829905698106,LUNG1 (n=422)
5.065023956194388,0.19144562818735683,0.1567294126355201,0.23385162960628134,LUNG1 (n=422)
5.073237508555784,0.18874921088894336,0.1542252058015312,0.23100156959456694,LUNG1 (n=422)
5.155373032169747,0.1860527935905299,0.15172445463990333,0.22814807332803194,LUNG1 (n=422)
5.2731006160164275,0.18335637629211643,0.14922720745885315,0.2252910933567273,LUNG1 (n=422)
5.3552361396303905,0.18065995899370296,0.1467335144574098,0.2224305803912289,LUNG1 (n=422)
5.374401095140315,0.17796354169528947,0.14424342781810118,0.21956648321384814,LUNG1 (n=422)
5.385352498288843,0.175267124396876,0.1417570018058955,0.21669874858394791,LUNG1 (n=422)
5.448323066392882,0.1725285755781748,0.13923077126135167,0.21378973283973032,LUNG1 (n=422)
5.45927446954141,0.1697900267594736,0.13670855718436548,0.2108767276952852,LUNG1 (n=422)
5.503080082135524,0.1670514779407724,0.13419042375612078,0.2079596703033997,LUNG1 (n=422)
5.522245037645448,0.1643129291220712,0.1316764379154229,0.2050384951483602,LUNG1 (n=422)
5.574264202600959,0.16157438030337,0.12916666951054295,0.2021131339016771,LUNG1 (n=422)
5.585215605749487,0.15883583148466884,0.12666119146248697,0.19918351526716924,LUNG1 (n=422)
5.637234770704997,0.15609728266596765,0.12416007994075237,0.1962495648144422,LUNG1 (n=422)
5.7440109514031485,0.15335873384726645,0.12166341455275081,0.19331120479969247,LUNG1 (n=422)
5.8288843258042435,0.1505703932318616,0.11912013733267811,0.1903241872084209,LUNG1 (n=422)
5.927446954141,0.14778205261645677,0.11658182019204218,0.18733225334411066,LUNG1 (n=422)
6.5160848733744015,0.14499371200105193,0.11404855979994197,0.18433530907116893,LUNG1 (n=422)
6.650239561943874,0.1422053713856471,0.11152045759348624,0.18133325568519704,LUNG1 (n=422)
6.767967145790554,0.13941703077024226,0.10899762008905226,0.17832598962170315,LUNG1 (n=422)
6.792607802874743,0.13662869015483742,0.10648015922106285,0.17531340213974778,LUNG1 (n=422)
6.8172484599589325,0.13384034953943258,0.10396819271130654,0.1722953789778576,LUNG1 (n=422)
6.891170431211499,0.13105200892402774,0.10146184447222788,0.16927179997919795,LUNG1 (n=422)
6.9021218343600275,0.1282636683086229,0.09896124504808083,0.16624253868260608,LUNG1 (n=422)
7.041752224503765,0.12547532769321806,0.0964665320983785,0.16320746187563112,LUNG1 (n=422)
7.408624229979466,0.12268698707781321,0.09397785092870169,0.16016642910520587,LUNG1 (n=422)
7.474332648870637,0.11989864646240837,0.09149535507466339,0.1571192921409675,LUNG1 (n=422)
7.660506502395619,0.11704391678473199,0.08895192074957659,0.15400767449281275,LUNG1 (n=422)
7.794661190965092,0.1140427907133286,0.08626622938435728,0.15076302982639014,LUNG1 (n=422)
7.923340177960301,0.11087493541573613,0.08341754210929196,0.14737009737516948,LUNG1 (n=422)
8.172484599589323,0.10770708011814367,0.08058029125445623,0.14396591184987398,LUNG1 (n=422)
8.2600958247775491,0.10453922482055121,0.07775479070583839,0.14055017609688158,LUNG1 (n=422)
8.323066392881588,0.10137136952295875,0.07494137964761435,0.13712256976426468,LUNG1 (n=422)
9.404517453798768,0.0973165147420404,0.0711981436803278,0.13301616519749923,LUNG1 (n=422)
9.566050650239562,0.09268239499241941,0.06684456687471806,0.12850747253147018,LUNG1 (n=422)
9.894592744695414,0.08650356865959145,0.06073352680479058,0.1232081814529897,LUNG1 (n=422)
10.001368925393566,0.07929493793795883,0.05354343627071534,0.11743152140617626,LUNG1 (n=422)
0.01642710472279261,0.995260663507109,0.986036781003909,1,Radiogenomics (n=211)
0.03285420944558522,0.990521327014218,0.9775331103605107,1,Radiogenomics (n=211)
0.038329911019849415,0.985781990521327,0.9699366093620843,1,Radiogenomics (n=211)
0.06023271731690623,0.9809966410527768,0.9627233373642914,0.9996167875098253,Radiogenomics (n=211)
0.07665982203969883,0.9761878339887926,0.9557810839492019,0.9970302857326456,Radiogenomics (n=211)
0.09856262833675565,0.9713552209492441,0.9490243161686733,0.9942115804519153,Radiogenomics (n=211)
0.11225188227241616,0.9664984448444979,0.9424020803282622,0.9912109314969422,Radiogenomics (n=211)
0.11498973305954825,0.9616416687397517,0.9359220009936119,0.9880681275521016,Radiogenomics (n=211)
0.12867898699520877,0.9567848926350054,0.9295583064710977,0.9848089403341178,Radiogenomics (n=211)
0.4353182751540041,0.9517755476473877,0.9230483440349129,0.9813968021865834,Radiogenomics (n=211)
0.5503080082135524,0.9467662026597699,0.9166322596700776,0.977890787764145,Radiogenomics (n=211)
0.5749486652977412,0.9417302122200902,0.9102560056356226,0.9742927122890156,Radiogenomics (n=211)
0.6160164271047228,0.936667146562993,0.9039109204271961,0.9706104037727726,Radiogenomics (n=211)
0.7145790554414785,0.9315487468549984,0.8975479793625923,0.9668375259263439,Radiogenomics (n=211)
0.75564681724846,0.926430347147004,0.8912460387971232,0.96300364966928,Radiogenomics (n=211)
0.7665982203969883,0.9213119474390096,0.8849990043817869,0.9591148693854156,Radiogenomics (n=211)
0.783025325119781,0.9161935477310151,0.87880178979284,0.955176271434106,Radiogenomics (n=211)
0.8186173853524983,0.9110751480230206,0.8726500969282169,0.9511921539538296,Radiogenomics (n=211)
0.8980150581793293,0.905956748315026,0.8665402542578872,0.9471661885118536,Radiogenomics (n=211)
0.947296372347707,0.9008383486070316,0.8604690955452678,0.943101541382844,Radiogenomics (n=211)
0.9856262833675564,0.8956907009007058,0.8543929911159442,0.938984565676438,Radiogenomics (n=211)
1.002053388090349,0.8905430531943799,0.8483511479872688,0.9348333310732664,Radiogenomics (n=211)
1.1416837782340863,0.8853654773037148,0.8423001380233848,0.9306326723877044,Radiogenomics (n=211)
1.1718001368925393,0.8801879014130498,0.8362799204528981,0.926401223856174,Radiogenomics (n=211)
1.1772758384668036,0.8750103255223848,0.8302886963374738,0.9221407844622653,Radiogenomics (n=211)
1.2073921971252566,0.8698327496317197,0.8243248561238431,0.9178529638055803,Radiogenomics (n=211)
1.2210814510609171,0.8646551737410547,0.8183869528513585,0.9135392088942104,Radiogenomics (n=211)
1.264887063655031,0.8594775978503897,0.8124736800651741,0.9092008262315893,Radiogenomics (n=211)
1.297741273100616,0.8543000219597248,0.8065838534613918,0.904839000171382,Radiogenomics (n=211)
1.3059548254620124,0.8491224460690597,0.8007163955202076,0.9004548082843737,Radiogenomics (n=211)
1.4072553045859,0.8439131059091268,0.7948286377788509,0.8960287745990162,Radiogenomics (n=211)
1.6427104722792607,0.8386386489971948,0.7888766303131224,0.8915396356876221,Radiogenomics (n=211)
1.7056810403832992,0.8333308094465796,0.7829021609224451,0.8870076909159065,Radiogenomics (n=211)
1.8179329226557153,0.8279544816436983,0.776859268412788,0.88241030460312,Radiogenomics (n=211)
1.8261464750171115,0.8225430144434127,0.7707916989773935,0.8777689374538782,Radiogenomics (n=211)
1.83709787816564,0.8171315472431271,0.7647448101370439,0.8731068935012359,Radiogenomics (n=211)
2.1245722108145104,0.8114570226094943,0.7583768369716863,0.8682523877860061,Radiogenomics (n=211)
2.127310061601643,0.8057824979758614,0.7520319421762366,0.8633748084759688,Radiogenomics (n=211)
2.1683778234086244,0.8000269087046054,0.7456043421646465,0.8584218444775511,Radiogenomics (n=211)
2.346338124572211,0.7941443579053068,0.7390350595051955,0.8533631159732529,Radiogenomics (n=211)
2.3572895277207393,0.7882618071060082,0.7324894358216094,0.8482807343768369,Radiogenomics (n=211)
2.3737166324435317,0.7823350266014517,0.7259097073112476,0.8431463137674599,Radiogenomics (n=211)
2.3874058863791925,0.7764082460968953,0.7193525872681804,0.8379892910325,Radiogenomics (n=211)
2.6064339493497606,0.7702462758897771,0.7125157998397587,0.8326542732883906,Radiogenomics (n=211)
2.6967830253251197,0.7638806041882087,0.7054412385462965,0.8271611376978609,Radiogenomics (n=211)
2.7679671457905544,0.7574070397459357,0.6982544213755638,0.8215707717633616,Radiogenomics (n=211)
2.869267624914442,0.7508208915742319,0.6909501597468477,0.8158794136915263,Radiogenomics (n=211)
2.965092402464066,0.7441764589054334,0.6835994093831366,0.810121533733864,Radiogenomics (n=211)
3.07460643394935,0.7374721664828618,0.6762002827899927,0.8042960202455786,Radiogenomics (n=211)
3.1019849418206706,0.7307678740602904,0.6688295373296479,0.7984421380232669,Radiogenomics (n=211)
3.189596167008898,0.7237412598866338,0.6610737478692268,0.7923494359753492,Radiogenomics (n=211)
3.2197125256673513,0.7165755048382513,0.653171099573879,0.7861346812024954,Radiogenomics (n=211)
3.4442162902121836,0.7090326047873223,0.6448151898114484,0.7796454590322207,Radiogenomics (n=211)
3.619438740588638,0.7010659463065658,0.6359470036254302,0.7728528608025458,Radiogenomics (n=211)
3.679671457905544,0.6930992878258094,0.6271251786053949,0.7660139301900319,Radiogenomics (n=211)
3.701574264202601,0.6850399937813233,0.6182277501577831,0.7590726766311389,Radiogenomics (n=211)
3.9014373716632442,0.6766858475156974,0.6089928537204502,0.7519032997359802,Radiogenomics (n=211)
3.9863107460643397,0.6680103879321628,0.5993893766414241,0.7444874663706861,Radiogenomics (n=211)
4.082135523613963,0.6587324658775495,0.5890508578873341,0.7366570403741148,Radiogenomics (n=211)
4.922655715263518,0.6473750095693159,0.5759609354251551,0.7276437988029698,Radiogenomics (n=211)
5.174537987679671,0.6341632746801462,0.5603889645341298,0.7176498546636768,Radiogenomics (n=211)
5.587953456536619,0.615511413660142,0.5368049586857319,0.7057578254743797,Radiogenomics (n=211)
6.450376454483231,0.5744773194161324,0.4739375515170123,0.6963453085056897,Radiogenomics (n=211)
